1,197 Buckland Hills Drive,,Manchester,6179
2,978 Buckland Hills Drive,,Manchester,6529
3,274 Slater Street,,Manchester,1164
4,226 Concord Road,,Manchester,9842
5,385 Cliffside Drive,,Manchester,6152
6,474 Trails End Road,,Manchester,6272
7,405 Adams Street,,Manchester,2380
8,340 Downey Drive,,Manchester,5900
9,82 Downey Drive,,Manchester,1760
10,976 Buckland Hills Drive,,Manchester,5134
11,159 Cambridge Street,,Manchester,5797
12,684 Slater Street,,Manchester,1426
13,774 Buckland Hills Drive,,Manchester,6153
14,926 Carver Lane,,Manchester,1595
15,465 Plymouth Lane,,Manchester,9589
16,721 Cambridge Street,,Manchester,5115
17,856 Carver Lane,,Manchester,1482
18,48 Buckland Hills Drive,,Manchester,6528
19,409 Pine Street,,Manchester,5485
20,933 Trails End Road,,Manchester,4263
21,783 Trails End Road,,Manchester,9288
22,909 Concord Road,,Manchester,3965
23,426 Cliffside Drive,,Manchester,8065
24,501 Plymouth Lane,,Manchester,8546
25,35 Adams Street,,Manchester,4294
26,72 Buckland Hills Drive,,Manchester,7587
27,452 Downey Drive,,Manchester,8302
28,766 Timrod Road,,Manchester,2497
29,497 Carver Lane,,Manchester,7604
30,434 Plymouth Lane,,Manchester,3428
31,409 Plymouth Lane,,Manchester,8637
32,313 Carver Lane,,Manchester,6683
33,594 Plymouth Lane,,Manchester,2980
34,157 Buckland Hills Drive,,Manchester,8207
35,75 Cliffside Drive,,Manchester,3377
36,558 Cliffside Drive,,Manchester,7423
37,939 Trails End Road,,Manchester,1898
38,295 Buckland Hills Drive,,Manchester,3739
39,653 Trails End Road,,Manchester,5339
40,238 Plymouth Lane,,Manchester,6477
41,335 Cliffside Drive,,Manchester,1469
42,408 Plymouth Lane,,Manchester,4921
43,243 Adams Street,,Manchester,2024
44,603 Carver Lane,,Manchester,4483
45,539 Slater Street,,Manchester,4540
46,707 Slater Street,,Manchester,1208
47,131 Cambridge Street,,Manchester,5457
48,33 Concord Road,,Manchester,4234
49,374 Plymouth Lane,,Manchester,4501
50,687 Pine Street,,Manchester,3307
51,530 Cambridge Street,,Manchester,6583
52,319 Cambridge Street,,Manchester,4882
53,10 Slater Street,,Manchester,3090
54,167 Trails End Road,,Manchester,9005
55,319 Timrod Road,,Manchester,6937
56,340 Downey Drive,,Manchester,8658
